{
  "config": {
    "d_model": 128,
    "n_layers": 4,
    "n_heads": 4,
    "block_size": 64,
    "vocab_size": 256,
    "batch_size": 8,
    "steps": 1000,
    "seed": 42
  },
  "yijing": {
    "params": 838964,
    "hex_params": 12340,
    "final_train_loss": 5.546550712585449,
    "best_val_loss": 5.545510864257812,
    "avg_ms_per_step": 57.83979272842407,
    "train_loss_history": [
      5.567557973861694,
      5.564793071746826,
      5.5635912895202635,
      5.557571249008179,
      5.556021022796631,
      5.555129108428955,
      5.552863550186157,
      5.551256284713745,
      5.550704517364502,
      5.5502747631073,
      5.549383926391601,
      5.5485958480834965,
      5.548318462371826,
      5.547437601089477,
      5.5464193058013915,
      5.546678924560547,
      5.546691284179688,
      5.546203966140747,
      5.546089687347412,
      5.546550712585449
    ],
    "val_loss_history": [
      5.560011901855469,
      5.556059484481811,
      5.5518212985992434,
      5.551693744659424,
      5.5503076171875,
      5.549755668640136,
      5.547239799499511,
      5.546031084060669,
      5.545769538879394,
      5.545510864257812
    ],
    "generation": {
      "unique_tokens": 25,
      "total_tokens": 32,
      "repetition_rate": 0.21875,
      "entropy": 4.538909765557392
    }
  },
  "vanilla": {
    "params": 858368,
    "final_train_loss": 5.546156911849976,
    "best_val_loss": 5.5460180568695066,
    "avg_ms_per_step": 39.19160008430481,
    "train_loss_history": [
      5.5678368663787845,
      5.566414155960083,
      5.564372205734253,
      5.557367067337037,
      5.5544743156433105,
      5.554187955856324,
      5.552728681564331,
      5.550822086334229,
      5.549728002548218,
      5.5506719303131105,
      5.548523206710815,
      5.549011459350586,
      5.547199745178222,
      5.54728271484375,
      5.547087593078613,
      5.5467408084869385,
      5.545725088119507,
      5.546337623596191,
      5.546489667892456,
      5.546156911849976
    ],
    "val_loss_history": [
      5.562836809158325,
      5.5562003707885745,
      5.551868419647217,
      5.552015066146851,
      5.548822345733643,
      5.547418737411499,
      5.547215633392334,
      5.546269006729126,
      5.5460180568695066,
      5.546337594985962
    ],
    "generation": {
      "unique_tokens": 24,
      "total_tokens": 32,
      "repetition_rate": 0.25,
      "entropy": 4.476409765557392
    }
  },
  "geometry_analysis": {
    "layer_0": {
      "hex_scale": 0.022438,
      "head_scales_mean": 0.014904,
      "head_scales_std": 0.013789,
      "quantizer_temp": 0.299931,
      "bian_gua_scale": 0.01052,
      "bian_gua_active_lines": 4
    },
    "layer_1": {
      "hex_scale": 0.003354,
      "head_scales_mean": 0.012215,
      "head_scales_std": 0.013298,
      "quantizer_temp": 0.304236,
      "bian_gua_scale": -0.00013,
      "bian_gua_active_lines": 2
    },
    "layer_2": {
      "hex_scale": -0.000809,
      "head_scales_mean": 0.00769,
      "head_scales_std": 0.007487,
      "quantizer_temp": 0.310582,
      "bian_gua_scale": 0.013041,
      "bian_gua_active_lines": 3
    },
    "layer_3": {
      "hex_scale": 0.003886,
      "head_scales_mean": 0.005512,
      "head_scales_std": 0.005312,
      "quantizer_temp": 0.307709,
      "bian_gua_scale": -0.000405,
      "bian_gua_active_lines": 2
    }
  }
}