{
  "vanilla": {
    "params": 858368,
    "geo_params": 0,
    "final_train_loss": 5.546156911849976,
    "best_val_loss": 5.5460180568695066,
    "avg_ms_per_step": 38.92143130302429,
    "train_loss_curve": [
      5.5678368663787845,
      5.566414155960083,
      5.564372205734253,
      5.557367067337037,
      5.5544743156433105,
      5.554187955856324,
      5.552728681564331,
      5.550822086334229,
      5.549728002548218,
      5.5506719303131105,
      5.548523206710815,
      5.549011459350586,
      5.547199745178222,
      5.54728271484375,
      5.547087593078613,
      5.5467408084869385,
      5.545725088119507,
      5.546337623596191,
      5.546489667892456,
      5.546156911849976
    ],
    "val_loss_curve": [
      5.562836809158325,
      5.5562003707885745,
      5.551868419647217,
      5.552015066146851,
      5.548822345733643,
      5.547418737411499,
      5.547215633392334,
      5.546269006729126,
      5.5460180568695066,
      5.546337594985962
    ],
    "generation": {
      "unique_tokens": 24,
      "total_tokens": 32,
      "repetition_rate": 0.25,
      "entropy": 4.476409765557392
    }
  },
  "pure_geometry": {
    "params": 1602344,
    "geo_params": 1602344,
    "final_train_loss": 5.546326541900635,
    "best_val_loss": 5.546021146774292,
    "avg_ms_per_step": 120.40942525863647,
    "train_loss_curve": [
      5.56592360496521,
      5.5618643379211425,
      5.561423826217651,
      5.558166971206665,
      5.555966520309449,
      5.553031034469605,
      5.553395833969116,
      5.550818309783936,
      5.549837121963501,
      5.549589195251465,
      5.549864902496338,
      5.548941326141358,
      5.5481555461883545,
      5.547152194976807,
      5.546625413894653,
      5.546321573257447,
      5.546603507995606,
      5.546811418533325,
      5.546276626586914,
      5.546326541900635
    ],
    "val_loss_curve": [
      5.5671151638031,
      5.555241718292236,
      5.552872037887573,
      5.550499505996704,
      5.549852457046509,
      5.547674655914307,
      5.547341814041138,
      5.54717324256897,
      5.546021146774292,
      5.5461756610870365
    ],
    "generation": {
      "unique_tokens": 25,
      "total_tokens": 32,
      "repetition_rate": 0.21875,
      "entropy": 4.538909765557392
    }
  },
  "hybrid": {
    "params": 2394436,
    "geo_params": 1567812,
    "final_train_loss": 5.545823402404785,
    "best_val_loss": 5.545704774856567,
    "avg_ms_per_step": 169.67614006996155,
    "train_loss_curve": [
      5.5694981384277344,
      5.563442230224609,
      5.564213972091675,
      5.5588697338104245,
      5.5578156757354735,
      5.5555656623840335,
      5.553124532699585,
      5.551887865066528,
      5.5509966945648195,
      5.54968412399292,
      5.5490023708343506,
      5.548367309570312,
      5.548526945114136,
      5.546926956176758,
      5.547127704620362,
      5.546580848693847,
      5.546376600265503,
      5.546550483703613,
      5.545983457565308,
      5.545823402404785
    ],
    "val_loss_curve": [
      5.567519989013672,
      5.561843433380127,
      5.552969856262207,
      5.550344915390014,
      5.549240417480469,
      5.548417463302612,
      5.546574478149414,
      5.546745157241821,
      5.545704774856567,
      5.545991849899292
    ],
    "generation": {
      "unique_tokens": 29,
      "total_tokens": 32,
      "repetition_rate": 0.09375,
      "entropy": 4.8125
    },
    "gate_analysis": {
      "layer_0": {
        "initial_preference": "geometry",
        "final_preference": "geometry",
        "changed_preference": false,
        "avg_gate": 0.5066182106733322,
        "trend": 0.0021225810050964355
      },
      "layer_1": {
        "initial_preference": "geometry",
        "final_preference": "geometry",
        "changed_preference": false,
        "avg_gate": 0.5028804630041123,
        "trend": 0.008535981178283691
      },
      "layer_2": {
        "initial_preference": "geometry",
        "final_preference": "geometry",
        "changed_preference": false,
        "avg_gate": 0.5127275124192238,
        "trend": 0.013664305210113525
      },
      "layer_3": {
        "initial_preference": "standard",
        "final_preference": "standard",
        "changed_preference": false,
        "avg_gate": 0.48822157084941864,
        "trend": -0.005057185888290405
      }
    }
  }
}