{
  "xor_heavy": {
    "vanilla": {
      "params": 809216,
      "geo_params": 0,
      "best_val": 4.159686946868897,
      "train_curve": [
        4.177159576416016,
        4.168721780776978,
        4.165275802612305,
        4.164759654998779,
        4.162928447723389,
        4.161897001266479,
        4.160729160308838,
        4.159618453979492,
        4.160013132095337,
        4.159749488830567
      ],
      "val_curve": [
        4.169380553563436,
        4.163003444671631,
        4.1606734911600745,
        4.1601241747538245,
        4.159686946868897
      ],
      "elapsed_s": 182.89112448692322,
      "gate_info": {},
      "curriculum_info": {},
      "gate_summary": {
        "geo_gates": 0,
        "total_gates": 0
      }
    },
    "hybrid_gated": {
      "params": 2369860,
      "geo_params": 1567812,
      "best_val": 4.159369913736979,
      "train_curve": [
        4.175049982070923,
        4.168325471878052,
        4.166385440826416,
        4.164465761184692,
        4.164520254135132,
        4.162079334259033,
        4.161378555297851,
        4.1605241584777835,
        4.159907264709473,
        4.159312047958374
      ],
      "val_curve": [
        4.166807508468628,
        4.164761924743653,
        4.161506128311157,
        4.159950812657674,
        4.159369913736979
      ],
      "elapsed_s": 529.7084441184998,
      "curriculum_info": {},
      "gate_summary": {
        "geo_gates": 1,
        "total_gates": 12
      }
    },
    "adaptive_hybrid": {
      "params": 2371196,
      "geo_params": 1569148,
      "best_val": 4.159435796737671,
      "train_curve": [
        4.17625545501709,
        4.169006519317627,
        4.166952047348023,
        4.164922685623169,
        4.164694662094116,
        4.162780656814575,
        4.161292228698731,
        4.1606496143341065,
        4.159806089401245,
        4.159681339263916
      ],
      "val_curve": [
        4.166710631052653,
        4.165635840098063,
        4.161587397257487,
        4.160765377680461,
        4.159435796737671
      ],
      "elapsed_s": 519.894259929657,
      "curriculum_info": {
        "final_strength": 0.1,
        "history_len": 500
      },
      "gate_summary": {
        "geo_gates": 4,
        "total_gates": 12
      }
    }
  },
  "periodic": {
    "vanilla": {
      "params": 809216,
      "geo_params": 0,
      "best_val": 1.670378134648005,
      "train_curve": [
        3.7054330348968505,
        3.0651631355285645,
        2.6208059930801393,
        2.246988093852997,
        2.127001116275787,
        2.142362401485443,
        1.979054744243622,
        1.8300483095645905,
        1.673929682970047,
        1.825515627861023
      ],
      "val_curve": [
        2.80897171497345,
        2.2271608750025433,
        1.9238515655199686,
        1.8075005253156027,
        1.670378134648005
      ],
      "elapsed_s": 114.57677149772644,
      "gate_info": {},
      "curriculum_info": {},
      "gate_summary": {
        "geo_gates": 0,
        "total_gates": 0
      }
    },
    "hybrid_gated": {
      "params": 2369860,
      "geo_params": 1567812,
      "best_val": 1.3605316400527954,
      "train_curve": [
        3.6702582311630247,
        3.0794798159599304,
        2.6327625703811646,
        2.3071928071975707,
        2.217926573753357,
        2.1626647663116456,
        1.8532153427600861,
        1.5710454845428468,
        1.402001895904541,
        1.4588802945613861
      ],
      "val_curve": [
        2.8032615105311076,
        2.374136491616567,
        1.9446144421895346,
        1.5478047172228495,
        1.3605316400527954
      ],
      "elapsed_s": 316.62859416007996,
      "curriculum_info": {},
      "gate_summary": {
        "geo_gates": 0,
        "total_gates": 12
      }
    },
    "adaptive_hybrid": {
      "params": 2371196,
      "geo_params": 1569148,
      "best_val": 1.1473171591758728,
      "train_curve": [
        3.6534088039398194,
        3.0802563858032226,
        2.6118468856811523,
        2.2842859530448916,
        2.1892485857009887,
        2.057441976070404,
        1.698338189125061,
        1.3843930494785308,
        1.1852743422985077,
        1.252128524184227
      ],
      "val_curve": [
        2.802007047335307,
        2.3335304101308187,
        1.806319566567739,
        1.275749812523524,
        1.1473171591758728
      ],
      "elapsed_s": 178.79967427253723,
      "curriculum_info": {
        "final_strength": 0.1,
        "history_len": 500
      },
      "gate_summary": {
        "geo_gates": 0,
        "total_gates": 12
      }
    }
  },
  "mixed": {
    "vanilla": {
      "params": 809216,
      "geo_params": 0,
      "best_val": 3.922612452507019,
      "train_curve": [
        4.141950178146362,
        4.13808424949646,
        4.123476705551147,
        4.093276247978211,
        4.054172801971435,
        4.025076007843017,
        3.9794628381729127,
        3.9592554569244385,
        3.944443869590759,
        3.938843641281128
      ],
      "val_curve": [
        4.117444745699564,
        4.06801172097524,
        3.9679714759190876,
        3.9561780214309694,
        3.922612452507019
      ],
      "elapsed_s": 21.308175563812256,
      "gate_info": {},
      "curriculum_info": {},
      "gate_summary": {
        "geo_gates": 0,
        "total_gates": 0
      }
    },
    "hybrid_gated": {
      "params": 2369860,
      "geo_params": 1567812,
      "best_val": 3.9385791063308715,
      "train_curve": [
        4.135229425430298,
        4.122588405609131,
        4.105536451339722,
        4.0517027473449705,
        4.024029359817505,
        3.9872159910202027,
        3.9643795394897463,
        3.9649125862121584,
        3.9429913711547853,
        3.9532554960250854
      ],
      "val_curve": [
        4.117940266927083,
        4.044450839360555,
        3.9654699087142946,
        3.9479322989781696,
        3.9385791063308715
      ],
      "elapsed_s": 88.04568314552307,
      "curriculum_info": {},
      "gate_summary": {
        "geo_gates": 0,
        "total_gates": 12
      }
    },
    "adaptive_hybrid": {
      "params": 2371196,
      "geo_params": 1569148,
      "best_val": 3.9267340183258055,
      "train_curve": [
        4.138819217681885,
        4.12725380897522,
        4.083162307739258,
        4.062279844284058,
        4.025661969184876,
        3.9992830657958987,
        3.9595339822769167,
        3.9546594285964964,
        3.9292208909988404,
        3.918823881149292
      ],
      "val_curve": [
        4.124541346232096,
        4.029332105318705,
        3.9585806767145795,
        3.9405202150344847,
        3.9267340183258055
      ],
      "elapsed_s": 89.15623784065247,
      "curriculum_info": {
        "final_strength": 0.1,
        "history_len": 500
      },
      "gate_summary": {
        "geo_gates": 2,
        "total_gates": 12
      }
    }
  }
}