{
  "vanilla": {
    "params": 838964,
    "best_val": 1.068279218673706,
    "best_ppl": 2.91036708324778,
    "final_val": 1.068279218673706,
    "final_ppl": 2.91036708324778,
    "ppl_at_300": 2.9966900381805646,
    "ppl_at_600": 2.9304962945985054,
    "time": 557.3246307373047
  },
  "fomyuk": {
    "params": 842076,
    "best_val": 1.0686615784962972,
    "best_ppl": 2.9114801034629516,
    "final_val": 1.0686615784962972,
    "final_ppl": 2.9114801034629516,
    "ppl_at_300": 3.000886475754701,
    "ppl_at_600": 2.9387182029423102,
    "time": 613.703138589859
  },
  "belyaev": {
    "params": 1304892,
    "best_val": 0.008399557089433074,
    "best_ppl": 1.0084349323452089,
    "final_val": 0.008399557089433074,
    "final_ppl": 1.0084349323452089,
    "ppl_at_300": 2.764873692656068,
    "ppl_at_600": 1.0401645074616326,
    "time": 712.6452975273132
  },
  "andreev": {
    "params": 880954,
    "best_val": 1.0692438999811809,
    "best_ppl": 2.9131760146148364,
    "final_val": 1.0692438999811809,
    "final_ppl": 2.9131760146148364,
    "ppl_at_300": 3.0078062711896956,
    "ppl_at_600": 2.936329134294435,
    "time": 573.4078168869019
  },
  "fomyuk_belyaev": {
    "params": 1308004,
    "best_val": 0.011135608966772756,
    "best_ppl": 1.011197840641653,
    "final_val": 0.011135608966772756,
    "final_ppl": 1.011197840641653,
    "ppl_at_300": 2.9061072714203537,
    "ppl_at_600": 1.085671669666313,
    "time": 775.5597791671753
  }
}