{
  "A2_multihead_geo_attention": {
    "standard_hybrid": {
      "params": 2369860,
      "geo_params": 1567812,
      "val_loss": 0.756476429104805
    },
    "multihead_geo": {
      "params": 2489812,
      "val_loss": 0.7689227074384689
    }
  },
  "A3_hierarchical_z2_12": {
    "gate_distribution": {
      "gate_l1": 0.32812243700027466,
      "gate_l2": 0.33050307631492615,
      "gate_l3": 0.3413744568824768
    },
    "output_norm_ratio": 0.9995316863059998,
    "levels": {
      "L1_Z2_3": {
        "n_codes": 8,
        "dim": 3
      },
      "L2_Z2_6": {
        "n_codes": 64,
        "dim": 6
      },
      "L3_Z2_12": {
        "n_codes": "4096 (factored 64x64)",
        "dim": 12
      }
    }
  },
  "A4_geometric_moe": {
    "moe_params": 262913,
    "ffn_params": 131712,
    "balance_loss": 6.506916179205291e-06,
    "n_experts": 64,
    "top_k": 4,
    "factored": true
  },
  "B5_reed_muller": {
    "code_info": {
      "n_codewords": 128,
      "code_length": 64,
      "min_distance": 32
    },
    "robustness": {
      "noise_0.01": 0.03125,
      "noise_0.05": 0.1234375,
      "noise_0.1": 0.29375,
      "noise_0.5": 0.7453125,
      "noise_1.0": 0.8921875
    },
    "comparison": "RM(1,6) has 128 codewords with d_min=32 vs Z\u2082\u2076 with 64 codewords and d_min=2"
  },
  "B6_walsh_hadamard": {
    "random_energy": {
      "0": 0.020275696553198417,
      "1": 0.09242243216135249,
      "2": 0.22930231702445145,
      "3": 0.30055701724190176,
      "4": 0.23119336439125052,
      "5": 0.11258971621422556,
      "6": 0.013659456413619807
    },
    "geometric_energy": {
      "0": 0.0,
      "1": 1.0,
      "2": 0.0,
      "3": 0.0,
      "4": 0.0,
      "5": 0.0,
      "6": 0.0
    },
    "learned_energy": {
      "0": 0.046603660908217846,
      "1": 0.09844903347086845,
      "2": 0.23057043166185712,
      "3": 0.27268824983803974,
      "4": 0.239841749471794,
      "5": 0.09280560394776442,
      "6": 0.019041270701458377
    },
    "interpretation": {
      "order_0": "DC component (mean)",
      "order_1": "Linear terms (individual bit contributions)",
      "order_2": "Pairwise interactions",
      "order_3+": "Higher-order interactions"
    }
  },
  "B7_rate_distortion": {
    "Z2_3 (8 pts)": {
      "rate": 3.0,
      "distortion": 0.410743772983551,
      "entropy": 2.989630937576294,
      "utilization": 1.0
    },
    "Z2_4 (16 pts)": {
      "rate": 4.0,
      "distortion": 0.40313178300857544,
      "entropy": 3.99312424659729,
      "utilization": 1.0
    },
    "Z2_6 (64 pts)": {
      "rate": 6.0,
      "distortion": 0.39903953671455383,
      "entropy": 5.960310459136963,
      "utilization": 1.0
    },
    "Random_64": {
      "rate": 6.0,
      "distortion": 0.4002760052680969,
      "entropy": 5.77099084854126,
      "utilization": 1.0
    },
    "Random_256": {
      "rate": 8.0,
      "distortion": 0.2585706412792206,
      "entropy": 7.601742267608643,
      "utilization": 0.90625
    }
  },
  "C8_fair_comparison": {
    "vanilla": {
      "params": 809216,
      "d_model": 128,
      "val_loss": 0.7506748229265213
    },
    "hybrid_fair": {
      "params": 658140,
      "d_model": 80,
      "geo_params": 341180,
      "val_loss": 0.8178182631731034
    },
    "param_diff_pct": 18.669428187282506
  },
  "C9_weight_quantization": {
    "before_val_loss": 0.7537045389413833,
    "2bit": {
      "val_loss": 2.950213885307312,
      "avg_mse": 0.000678918630981316,
      "delta": 2.1965093463659286,
      "n_codebook_entries": 4
    },
    "3bit": {
      "val_loss": 2.941546154022217,
      "avg_mse": 0.0006728797573161944,
      "delta": 2.1878416150808335,
      "n_codebook_entries": 8
    },
    "4bit": {
      "val_loss": 2.9601200461387633,
      "avg_mse": 0.0006681410004650218,
      "delta": 2.20641550719738,
      "n_codebook_entries": 16
    }
  },
  "D11_gate_dynamics": {
    "steps": [
      10,
      20,
      30,
      40,
      50,
      60,
      70,
      80,
      90,
      100,
      110,
      120,
      130,
      140,
      150,
      160,
      170,
      180,
      190,
      200,
      210,
      220,
      230,
      240,
      250,
      260,
      270,
      280,
      290,
      300
    ],
    "history": {
      "layer_0/attention": [
        0.5000124573707581,
        0.4994930326938629,
        0.4994715452194214,
        0.49944666028022766,
        0.4985852837562561,
        0.4969433844089508,
        0.4948595464229584,
        0.4918627142906189,
        0.49038490653038025,
        0.4897305369377136,
        0.488534152507782,
        0.48796042799949646,
        0.4877544939517975,
        0.487566202878952,
        0.48728644847869873,
        0.48746827244758606,
        0.48718345165252686,
        0.48925644159317017,
        0.49001002311706543,
        0.4886108934879303,
        0.48804613947868347,
        0.488947331905365,
        0.4878966212272644,
        0.48902902007102966,
        0.4884839355945587,
        0.48825323581695557,
        0.4891722798347473,
        0.48891422152519226,
        0.48800185322761536,
        0.48821043968200684
      ],
      "layer_0/quantization": [
        0.5003237128257751,
        0.5013441443443298,
        0.5022296905517578,
        0.5019712448120117,
        0.5013096928596497,
        0.5004815459251404,
        0.5003863573074341,
        0.5004532933235168,
        0.5000094175338745,
        0.5000998377799988,
        0.5003775954246521,
        0.5003495216369629,
        0.5004341006278992,
        0.5003359317779541,
        0.5003576278686523,
        0.5002793073654175,
        0.5001301765441895,
        0.49996572732925415,
        0.5000227093696594,
        0.5001379251480103,
        0.5001835823059082,
        0.5000951886177063,
        0.5000987648963928,
        0.5000952482223511,
        0.5000946521759033,
        0.500098466873169,
        0.5001056790351868,
        0.5001055598258972,
        0.5001059770584106,
        0.5001055002212524
      ],
      "layer_0/ffn": [
        0.5000284910202026,
        0.5017139911651611,
        0.5030391216278076,
        0.505490779876709,
        0.5091551542282104,
        0.5110601186752319,
        0.5122957825660706,
        0.5147923231124878,
        0.5148555040359497,
        0.513587474822998,
        0.5131254196166992,
        0.5119642019271851,
        0.5126779079437256,
        0.5132535696029663,
        0.5111182332038879,
        0.5136963129043579,
        0.5165349245071411,
        0.5135540962219238,
        0.5142510533332825,
        0.5142876505851746,
        0.5125855207443237,
        0.5144232511520386,
        0.5142723321914673,
        0.5119942426681519,
        0.5100563764572144,
        0.5109472274780273,
        0.5140158534049988,
        0.5102934837341309,
        0.511411190032959,
        0.5103415250778198
      ],
      "layer_1/attention": [
        0.5002450942993164,
        0.4994719326496124,
        0.49935033917427063,
        0.4992179274559021,
        0.4989662766456604,
        0.49857375025749207,
        0.49802282452583313,
        0.4952288568019867,
        0.4911350607872009,
        0.48754221200942993,
        0.4862264394760132,
        0.4861885905265808,
        0.48621299862861633,
        0.48597627878189087,
        0.48462143540382385,
        0.4841093122959137,
        0.48342543840408325,
        0.4825875163078308,
        0.4809862971305847,
        0.4827421307563782,
        0.4821074604988098,
        0.48277226090431213,
        0.482930064201355,
        0.48231881856918335,
        0.48146405816078186,
        0.4830540418624878,
        0.48195117712020874,
        0.4818439781665802,
        0.48272109031677246,
        0.48113030195236206
      ],