{
  "vanilla": {
    "params": 809216,
    "geo_params": 0,
    "best_val": 1.1158720831076303,
    "train_curve": [
      3.459068055152893,
      2.4061456179618834,
      1.8915343832969667,
      1.564076533317566,
      1.3275767159461975,
      1.2655361318588256,
      1.1909493398666382,
      1.133976080417633,
      1.159815216064453,
      1.1521594250202178
    ],
    "val_curve": [
      2.068676229317983,
      1.4633176962534586,
      1.2484994133313496,
      1.1422533055146535,
      1.1158720831076303
    ],
    "elapsed": 242.11112093925476,
    "generation": {
      "unique_tokens": 14,
      "total_tokens": 64,
      "rep_rate": 0.78125,
      "bigram_diversity": 0.36507936507936506
    },
    "gate_info": {}
  },
  "hybrid": {
    "params": 2369860,
    "geo_params": 1567812,
    "best_val": 1.1393700003623963,
    "train_curve": [
      3.359550814628601,
      2.4074867296218874,
      1.906193997859955,
      1.5724084424972533,
      1.34579448223114,
      1.2832889342308045,
      1.2103104090690613,
      1.1552972829341888,
      1.1823979771137239,
      1.177880107164383
    ],
    "val_curve": [
      2.077561064561208,
      1.4756935795148214,
      1.2695152044296265,
      1.1667279760042826,
      1.1393700003623963
    ],
    "elapsed": 582.7146618366241,
    "generation": {
      "unique_tokens": 29,
      "total_tokens": 64,
      "rep_rate": 0.546875,
      "bigram_diversity": 0.6984126984126984
    },
    "gate_info": {
      "geo_gates": 1,
      "total_gates": 12
    }
  },
  "adaptive": {
    "params": 2371196,
    "geo_params": 1569148,
    "best_val": 1.1435908536116282,
    "train_curve": [
      3.359854888916016,
      2.383445072174072,
      1.8930822944641112,
      1.5960412764549254,
      1.3778255677223206,
      1.3066737174987793,
      1.2250922405719757,
      1.1667769169807434,
      1.190097813606262,
      1.1832302832603454
    ],
    "val_curve": [
      2.058158274491628,
      1.4949037988980611,
      1.2892680088678996,
      1.1712428172429403,
      1.1435908536116282
    ],
    "elapsed": 627.613118648529,
    "generation": {
      "unique_tokens": 31,
      "total_tokens": 64,
      "rep_rate": 0.515625,
      "bigram_diversity": 0.7301587301587301
    },
    "gate_info": {
      "geo_gates": 0,
      "total_gates": 12
    }
  }
}