{
  "tiny": {
    "vanilla": {
      "params": 133760,
      "geo_params": 0,
      "best_val": 5.5486547470092775,
      "final_train": 5.549282035827637,
      "avg_ms": 10.98149299621582,
      "train_curve": [
        5.555223560333252,
        5.556099138259888,
        5.558581819534302,
        5.559368257522583,
        5.559949150085449,
        5.5550056743621825,
        5.553485860824585,
        5.550578327178955,
        5.5492076587677,
        5.549282035827637
      ],
      "val_curve": [
        5.557144355773926,
        5.559071159362793,
        5.553461567560832,
        5.5486547470092775,
        5.548736333847046
      ],
      "gate_info": {}
    },
    "pure_geometry": {
      "params": 128788,
      "geo_params": 128788,
      "best_val": 5.547223377227783,
      "final_train": 5.5474758720397945,
      "avg_ms": 26.76261615753174,
      "train_curve": [
        5.557993440628052,
        5.558847074508667,
        5.557517633438111,
        5.556706085205078,
        5.55240535736084,
        5.550760688781739,
        5.550582323074341,
        5.546738767623902,
        5.548480262756348,
        5.5474758720397945
      ],
      "val_curve": [
        5.558733908335368,
        5.555449374516805,
        5.553453652064006,
        5.5484602133433025,
        5.547223377227783
      ],
      "gate_info": {}
    },
    "hybrid": {
      "params": 229534,
      "geo_params": 111902,
      "best_val": 5.547068611780802,
      "final_train": 5.547752046585083,
      "avg_ms": 90.80112504959106,
      "train_curve": [
        5.562656459808349,
        5.558013572692871,
        5.558405075073242,
        5.557502775192261,
        5.553860015869141,
        5.550440263748169,
        5.550096635818481,
        5.549447736740112,
        5.54922477722168,
        5.547752046585083
      ],
      "val_curve": [
        5.562027947107951,
        5.550469048817953,
        5.551513163248698,
        5.5476219177246096,
        5.547068611780802
      ],
      "gate_info": {
        "geo_gates": 4,
        "total_gates": 6
      }
    }
  },
  "small": {
    "vanilla": {
      "params": 858368,
      "geo_params": 0,
      "best_val": 5.54663249651591,
      "final_train": 5.546986284255982,
      "avg_ms": 40.23434829711914,
      "train_curve": [
        5.569303512573242,
        5.567559423446656,
        5.55950698852539,
        5.5534976291656495,
        5.552283792495728,
        5.5500154781341555,
        5.548904619216919,
        5.547162580490112,
        5.546873378753662,
        5.546986284255982
      ],
      "val_curve": [
        5.563025029500325,
        5.553570683797201,
        5.549133030573527,
        5.547329171498617,
        5.54663249651591
      ],
      "gate_info": {}
    },
    "pure_geometry": {
      "params": 1602344,
      "geo_params": 1602344,
      "best_val": 5.546475124359131,
      "final_train": 5.546642179489136,
      "avg_ms": 113.5577621459961,
      "train_curve": [
        5.5699711036682125,
        5.564170055389404,
        5.558676652908325,
        5.554505052566529,
        5.552596826553344,
        5.550918254852295,
        5.548832664489746,
        5.548384141921997,
        5.547043085098267,
        5.546642179489136
      ],
      "val_curve": [
        5.561078023910523,
        5.552267567316691,
        5.548792346318563,
        5.547331762313843,
        5.546475124359131
      ],
      "gate_info": {}
    },
    "hybrid": {
      "params": 2394436,
      "geo_params": 1567812,
      "best_val": 5.547228558858236,
      "final_train": 5.54683256149292,
      "avg_ms": 167.08366203308105,
      "train_curve": [
        5.568332738876343,
        5.56486704826355,
        5.559758386611938,
        5.555927801132202,
        5.553771677017212,
        5.550808115005493,
        5.548691577911377,
        5.547334423065186,
        5.547831287384033,
        5.54683256149292
      ],
      "val_curve": [
        5.559537204106649,
        5.5542725086212155,
        5.551579904556275,
        5.547274700800577,
        5.547228558858236
      ],
      "gate_info": {
        "geo_gates": 5,
        "total_gates": 12
      }
    }
  },
  "medium": {
    "vanilla": {
      "params": 4880896,
      "geo_params": 0,
      "best_val": 5.547743701934815,
      "final_train": 5.546931648254395,
      "avg_ms": 97.88821601867676,
      "train_curve": [
        5.593874530792236,
        5.582787389755249,
        5.566336259841919,
        5.5600201034545895,
        5.557433109283448,
        5.5544350147247314,
        5.550941743850708,
        5.5489923286437985,
        5.547237310409546,
        5.546931648254395
      ],
      "val_curve": [
        5.568811130523682,
        5.557715098063151,
        5.551493867238363,
        5.549427556991577,
        5.547743701934815
      ],
      "gate_info": {}
    },
    "pure_geometry": {
      "params": 17885244,
      "geo_params": 17885244,
      "best_val": 5.547240495681763,
      "final_train": 5.546742296218872,
      "avg_ms": 342.91094064712524,
      "train_curve": [
        5.586641254425049,
        5.579623260498047,
        5.570639696121216,
        5.562575225830078,
        5.557817869186401,
        5.555509901046753,
        5.551645135879516,
        5.5502360153198245,
        5.548144454956055,
        5.546742296218872
      ],
      "val_curve": [
        5.583778285980225,
        5.559955581029256,
        5.554147990544637,
        5.547240495681763,
        5.547576443354289
      ],
      "gate_info": {}
    },
    "hybrid": {
      "params": 22633086,
      "geo_params": 17814654,
      "best_val": 5.54749371210734,
      "final_train": 5.546541109085083,
      "avg_ms": 1128.8072900772095,
      "train_curve": [
        5.588835411071777,
        5.579854688644409,
        5.5728605937957765,
        5.564445123672486,
        5.557800283432007,
        5.5549907302856445,
        5.551480550765991,
        5.5493143367767335,
        5.547207698822022,
        5.546541109085083
      ],
      "val_curve": [
        5.572976875305176,
        5.563679059346517,
        5.552617581685384,
        5.54749371210734,
        5.547972663243612
      ],
      "gate_info": {
        "geo_gates": 8,
        "total_gates": 18
      }
    }
  }
}