{
  "theorem_1_xor_isomorphism": {
    "verified": true,
    "n_trigram_tests": 64,
    "n_errors": 0,
    "cayley_table": [
      [
        7,
        6,
        5,
        4,
        3,
        2,
        1,
        0
      ],
      [
        6,
        7,
        4,
        5,
        2,
        3,
        0,
        1
      ],
      [
        5,
        4,
        7,
        6,
        1,
        0,
        3,
        2
      ],
      [
        4,
        5,
        6,
        7,
        0,
        1,
        2,
        3
      ],
      [
        3,
        2,
        1,
        0,
        7,
        6,
        5,
        4
      ],
      [
        2,
        3,
        0,
        1,
        6,
        7,
        4,
        5
      ],
      [
        1,
        0,
        3,
        2,
        5,
        4,
        7,
        6
      ],
      [
        0,
        1,
        2,
        3,
        4,
        5,
        6,
        7
      ]
    ]
  },
  "theorem_2_quantizer_preserves_group": {
    "mse_by_temperature": {
      "1.0": 0.004559624008834362,
      "0.3": 0.049554966390132904,
      "0.1": 0.05326126143336296,
      "0.01": 0.022629927843809128,
      "0.001": 0.004138153977692127
    },
    "hard_accuracy": 1.0,
    "convergence_verified": true
  },
  "theorem_3_modular_arithmetic": {
    "xor_adder_errors": 0,
    "xor_bit_accuracy": 0.7916666666666666,
    "total_tests": 64
  },
  "theorem_4_hamming_structure": {
    "hamming_verified": true,
    "rm_1_3_codewords": 16,
    "rm_1_3_min_dist": 4
  },
  "theorem_5_walsh_hadamard": {
    "walsh_hadamard_verified": true,
    "convolution_theorem_error": 3.5762786865234375e-07
  },
  "theorem_6_biangua_attention": {
    "biangua_xor_verified": true,
    "pattern_correlations": [
      [
        1.0,
        0.48389509320259094,
        NaN,
        0.1401788592338562,
        0.07408515363931656,
        -0.12590408325195312
      ],
      [
        0.48389509320259094,
        1.0,
        NaN,
        0.07725024968385696,
        0.13003157079219818,
        -0.2235737144947052
      ],
      [
        NaN,
        NaN,
        NaN,
        NaN,
        NaN,
        NaN
      ],
      [
        0.1401788741350174,
        0.07725025713443756,
        NaN,
        1.0,
        0.5940886735916138,
        -0.010694813914597034
      ],
      [
        0.07408515363931656,
        0.13003157079219818,
        NaN,
        0.5940886735916138,
        0.9999999403953552,
        -0.018002087250351906
      ],
      [
        -0.12590408325195312,
        -0.2235737144947052,
        NaN,
        -0.01069481298327446,
        -0.018002089112997055,
        1.0
      ]
    ]
  },
  "theorem_7_expressivity_bound": {
    "characters_orthogonal": true,
    "reconstruction_error": 1.341104507446289e-07,
    "xor_nonzero_coeffs": 1
  },
  "experiment_attention_comparison": {
    "Standard": {
      "final_loss": 9.313225746154785e-09,
      "loss_100": 2.035871148109436e-06,
      "loss_curve": [
        0.3524881601333618,
        0.00025155674666166306,
        2.3925676941871643e-06,
        2.8870999813079834e-08,
        6.891787052154541e-08,
        -9.313225746154785e-10,
        1.862645149230957e-08,
        -4.6566128730773926e-09,
        1.3969838619232178e-08,
        8.381903171539307e-09
      ]
    },
    "Geometric": {
      "final_loss": -1.0244548320770264e-08,
      "loss_100": 2.771615982055664e-06,
      "loss_curve": [
        0.23449258506298065,
        0.0004391046240925789,
        2.2919848561286926e-06,
        3.818422555923462e-08,
        -1.862645149230957e-09,
        -9.313225746154785e-09,
        1.4901161193847656e-08,
        4.6566128730773926e-09,
        -1.5832483768463135e-08,
        3.4458935260772705e-08
      ]
    }
  }
}